,desc,GrossApproval,GrossApproval,GrossApproval
,,mean,std,count
117,Blood and Organ Banks,34400.0,93216.40883666617,90
662,"Other Direct Insurance (except Life, Health, and Medical) Carriers",55988.04154302671,284596.60074721085,337
348,Footwear and Leather Goods Repair,63354.2600896861,168807.81403304983,223
82,Apprenticeship Training,63380.670731707316,187124.87768003158,82
564,Musical Groups and Artists,73902.28571428571,190123.3163245196,350
854,Residential Remodelers,76941.7960301707,180752.29301354667,12595
619,Offices of Real Estate Appraisers,77068.54943820224,179997.7151553159,890
576,New Multifamily Housing Construction (except For-Sale Builders),77401.11008325624,208384.57476206485,1081
352,Framing Contractors,77452.82543352601,151479.30295018482,865
906,Siding Contractors,79277.17770034843,154482.8832135856,574
133,Building Inspection Services,80647.77571251549,213459.25834539306,807
578,News Dealers and Newsstands,81561.1530612245,99979.32211893151,196
897,"Sewing, Needlework, and Piece Goods Stores",81667.49550706033,144639.20964568926,1558
563,Music Publishers,81744.2923076923,299502.24448084057,130
765,"Photography Studios, Portrait",82424.42085775995,169194.7587332,3241
429,"Independent Artists, Writers, and Performers",83603.04010025063,260340.83053345088,1995
61,All Other Support Activities for Transportation,84785.55599682288,268443.0649084181,1259
158,Children's and Infants' Clothing Stores,89295.69262782401,145232.48718276963,1682
713,Other Social Advocacy Organizations,89553.16455696203,194839.91182470083,79
736,Painting and Wall Covering Contractors,91705.099160056,205833.53617685806,4286
624,One-Hour Photofinishing,91972.09302325582,75607.02371848609,86
496,Luggage and Leather Goods Stores,92323.50342465754,126916.73685513393,292
506,Marketing Consulting Services,93407.9197518511,242108.19156420513,4997
577,New Single-Family Housing Construction (except For-Sale Builders),93577.84838453389,226218.50031083147,7552
812,Professional Organizations,95340.206185567,124894.42492716946,291
262,Document Preparation Services,95404.95074946467,204310.93235670862,467
540,Mobile Food Services,95947.58837075418,222626.03827582143,1737
1001,Travel Agencies,97577.93890675242,236420.0526935907,1866
84,Armored Car Services,98584.81818181818,88402.5902029797,55
422,Human Resources Consulting Services,98834.37078651685,185688.11689041217,1246
165,Clothing Accessories Stores,99218.89006240999,259439.80449800208,2083
335,Florists,101006.81809804644,171577.97782064215,5426
256,Direct Life Insurance Carriers,101026.28205128205,263697.8089899263,156
567,Nail Salons,101533.13317510548,206298.26548851535,3792
1037,Women's Clothing Stores,102254.27763864043,204877.27807683818,5590
193,Computer and Office Machine Repair and Maintenance,102725.9375,203691.16550694435,1360
415,Home and Garden Equipment Repair and Maintenance,103955.16393442624,221479.59939795922,610
544,Motion Picture and Video Distribution,105048.5976331361,199319.21946126185,169
380,"Gift, Novelty, and Souvenir Stores",105292.62698600901,209334.22310718647,8434
184,Communication Equipment Repair and Maintenance,107307.92936802974,144336.62054036616,269
307,Family Clothing Stores,108567.42742890996,230110.9248648112,3376
62,All Other Support Services,108708.70795163064,270013.741841357,2729
815,"Promoters of Performing Arts, Sports, and Similar Events without Facilities",108782.6788432268,272769.75080518366,657
146,Carpet and Upholstery Cleaning Services,108870.54273335959,212699.76290176372,2539
255,Direct Health and Medical Insurance Carriers,109583.18584070797,209940.56340114068,113
176,Commercial Photography,109933.26816786079,250503.2733594042,977
324,Finish Carpentry Contractors,110527.18629849704,276170.21992454166,2861
81,Appliance Repair and Maintenance,110928.74547511312,194624.85917843648,884
309,Farm Labor Contractors and Crew Leaders,111038.03174603175,278004.37839740404,126
701,Other Performing Arts Companies,111919.28934010152,230851.2391693469,197
686,Other Management Consulting Services,112897.02408454166,299881.62016105227,4069
122,Book Stores,113242.51569933396,207043.79261780911,2102
92,Automobile Driving Schools,113547.05405405405,235854.3994319511,370
409,"Hobby, Toy, and Game Stores",114087.31314930247,182878.8558104614,3369
655,Other Community Housing Services,114160.91954022988,197855.7816072699,87
10,Administrative Management and General Management Consulting Services,114817.23088638441,311550.1713438443,6566
105,Beauty Salons,115615.78452423152,202749.78128117605,19747
992,Tobacco Stores,115982.36002785516,205288.98545242078,1436
449,Interior Design Services,116077.9125528914,265395.7068057541,2836
649,Other Clothing Stores,117036.93307790549,264807.42463869276,3915
632,Other Accounting Services,117042.2055272337,250520.97919896006,3727
185,Community Food Services,119072.45614035087,145063.3283909467,57
33,All Other Legal Services,119582.15277777778,310130.64029806433,720
258,Direct Property and Casualty Insurance Carriers,119911.74089068826,189720.48198430066,247
853,Residential Property Managers,120119.3378435518,250086.65291635887,2365
371,"General Freight Trucking, Local",120598.11448126801,310766.2779057906,13880
31,All Other Insurance Related Activities,120774.9963099631,225058.29668541224,542
681,Other Individual and Family Services,121114.72735849056,276108.7392069126,1060
518,Media Representatives,121284.97572815535,345918.3369555478,412
856,Reupholstery and Furniture Repair,121510.8832807571,267618.80778351764,634
474,Landscape Architectural Services,121886.33987161198,248512.29547001157,2804
136,Business Associations,122427.60443037975,176568.2721030203,316
703,Other Personal and Household Goods Repair and Maintenance,123145.63180076628,242928.60990312195,2610
968,Tax Preparation Services,123408.9174184594,234742.73427530032,2882
425,Hydroelectric Power Generation,123495.93220338984,141109.94323476808,59
2,Administration of Air and Water Resource and Solid Waste Management Programs,124096.23456790124,168621.94006588164,81
103,Barber Shops,124579.18983700863,166960.72669829396,2086
517,Media Buying Agencies,124635.61643835617,184718.16923947725,73
373,"General Freight Trucking, Long-Distance, Truckload",124691.40628311885,332619.2189490047,13210
475,Landscaping Services,124819.54472695595,273760.5480857389,18367
390,Graphic Design Services,125295.66571292322,256956.18334956406,4194
97,Automotive Glass Replacement Shops,125872.3346080306,192773.54960936462,1046
969,Taxi Service,126240.08229243204,237320.4293062639,1361
694,Other Motion Picture and Video Industries,127253.88349514564,260441.15737897737,412
463,Janitorial Services,127545.90335496342,268926.1691142141,7243
489,Limousine Service,128015.58680947013,325397.03049877763,1774
715,Other Specialized Design Services,128099.02567975831,340769.59477873356,1324
508,Masonry Contractors,128228.8757915246,261531.8390894323,2053
78,Apiculture,128474.19354838709,254354.432546194,62
493,Local Messengers and Local Delivery,129143.36066818527,278655.0805825452,1317
326,Fish and Seafood Markets,129519.73434535104,228883.89901779257,527
265,Drafting Services,130073.57551020409,276330.3724627925,245
494,Locksmiths,130566.06148867313,282018.1427290274,618
1017,Used Merchandise Stores,131614.7643678161,252246.360865984,2088
401,Hay Farming,133115.0684931507,230986.093058551,73
716,Other Spectator Sports,133445.7831325301,281420.1179994202,249
35,All Other Miscellaneous Ambulatory Health Care Services,133623.99615975423,290933.0165619296,1302
85,Art Dealers,134051.25,316563.5005142246,1136
454,Investigation Services,134526.48073394495,309386.5734478851,545
121,Book Publishers,134786.49762282093,284289.5756739132,631
607,Offices of Chiropractors,135341.7079678814,190738.55322820236,16190
1032,Window Treatment Stores,136114.8797202797,310616.03249789507,715
818,Public Relations Agencies,136342.57181208054,329264.9213837218,745
421,Household Furniture (except Wood and Metal) Manufacturing,136995.12612612612,205708.5229560783,222
673,"Other Foundation, Structure, and Building Exterior Contractors",137244.86851628468,345938.1937413206,1658
45,All Other Miscellaneous Store Retailers (except Tobacco Stores),137415.5667698858,281326.68760646076,10334
162,Claims Adjusting,137914.87762237762,250999.13775989958,286
253,Diet and Weight Reducing Centers,138098.5985576923,259082.97395929953,416
302,Exterminating and Pest Control Services,138137.12679575264,297992.3503176436,1601
23,All Other Business Support Services,138893.12335143524,336948.3647457689,2578
191,Computer Training,139153.54404145078,210998.34400024594,386
787,Postal Service,139407.33202357564,166973.1735589293,509
618,Offices of Real Estate Agents and Brokers,140841.9111180415,309202.5009122223,6413
810,"Process, Physical Distribution, and Logistics Consulting Services",141310.4721030043,329719.34073258017,1165
522,Men's Clothing Stores,141450.30541871922,278389.9480575626,1015
431,Industrial Design Services,142637.2159090909,287761.22294628754,352
260,Directory and Mailing List Publishers,142671.2927756654,290721.6533985917,263
714,Other Sound Recording Industries,143245.61403508772,293224.16885590856,171
809,Private Mail Centers,144177.2774122807,134176.66675425458,1824
542,Mortgage and Nonmortgage Loan Brokers,144468.19499341238,282310.8363771818,2277
903,Shoe Stores,145381.02778793417,251300.2118977347,2735
849,Research and Development in the Social Sciences and Humanities,145527.90697674418,271927.01288959273,215
203,Consumer Electronics Repair and Maintenance,146279.575,368063.983037325,560
610,Offices of Mental Health Practitioners (except Physicians),146644.77967097532,244893.6242086302,1702
464,Jewelry Stores,146889.5482901165,298857.7228433077,5322
710,Other Services to Buildings and Dwellings,146982.12011331445,320758.84231313854,3530
222,Court Reporting and Stenotype Services,147661.79245283018,291177.783842461,212
708,Other Scientific and Technical Consulting Services,148083.36852207294,361888.95144556585,2605
198,Confectionery and Nut Stores,149470.2781124498,181081.83189933788,996
930,"Specialized Freight (except Used Goods) Trucking, Local",150147.16853932585,416433.3393091402,3827
799,Power-Driven Handtool Manufacturing,150517.74193548388,203010.70882825053,62
217,"Cosmetics, Beauty Supplies, and Perfume Stores",150680.6023988006,327549.0901613271,3335
12,Advertising Material Distribution Services,151606.6742081448,391965.3467977426,442
275,Drywall and Insulation Contractors,151830.56527358896,326678.1060366771,2321
964,Surveying and Mapping (except Geophysical) Services,153253.1660692951,255354.03442995186,837
349,Forest Nurseries and Gathering of Forest Products,153800.0,288094.82413314487,53
1018,Vending Machine Operators,153983.314675174,331475.09660389123,3448
343,Food (Health) Supplement Stores,154128.19045005488,292347.75869016995,1822
711,"Other Similar Organizations (except Business, Professional, Labor, and Political Organizations)",154554.93827160494,365707.44041557127,81
66,All Other Travel Arrangement and Reservation Services,154937.53541076486,311570.39312585804,353
424,Hunting and Trapping,155302.7912087912,221216.1946203315,91
936,Sporting Goods Stores,157073.36869154076,289361.23024988605,9729
1029,Wheat Farming,157092.54385964913,223911.16494951013,114
57,All Other Publishers,158295.1356238698,327523.4063076633,553
333,Flooring Contractors,158656.4478114478,367486.447588214,2970
876,"Scenic and Sightseeing Transportation, Land",158656.74377224199,342327.33318755834,281
609,Offices of Lawyers,158743.03445820874,315073.6328949631,14046
282,Electrical Contractors and Other Wiring Installation Contractors,159391.4923245614,332143.4345384297,10032
603,Office Supplies and Stationery Stores,159682.22757318226,297556.88358897535,2118
277,Educational Support Services,159715.11798071468,387186.75174100563,1763
321,Fine Arts Schools,160238.31627906975,333051.3779978736,1935
565,Musical Instrument Manufacturing,161125.62295081967,242791.7642397947,244
989,Title Abstract and Settlement Offices,161308.95690936106,344009.79108419054,673
52,All Other Personal Services,161852.18955692524,350420.6832988923,8599
196,Confectionery Manufacturing from Purchased Chocolate,163121.73913043478,164465.38959124967,69
545,Motion Picture and Video Production,163160.69319640566,361450.16036824917,3116
641,Other Automotive Mechanical and Electrical Repair and Maintenance,163492.08574212407,245243.15464829668,3079
944,Steam and Air-Conditioning Supply,164069.60784313726,326444.9933876198,51
298,Exam Preparation and Tutoring,164831.2890625,253420.13987512686,1024
29,All Other Home Furnishings Stores,164883.94421344422,301892.2790055978,2886
30,All Other Information Services,165312.81213872833,348869.055414359,692
889,Security Guards and Patrol Services,165387.0856353591,320552.354925663,1086
943,Stationery and Office Supplies Merchant Wholesalers,165520.96219931272,345723.53271719854,582
225,Credit Bureaus,165540.27777777778,265421.77521773754,108
997,Tour Operators,165595.39901477832,340517.00112360605,609
189,Computer Systems Design Services,165604.75920910077,335134.6799616941,7384
924,Sound Recording Studios,166259.24859813083,338828.5240112416,535
931,"Specialized Freight (except Used Goods) Trucking, Long-Distance",168695.58224852072,420608.5852570242,1690
626,Ophthalmic Goods Manufacturing,169663.2558139535,237716.8090546126,215
646,Other Business Service Centers (including Copy Shops),169848.9406360424,255411.51325704,1415
64,All Other Transit and Ground Passenger Transportation,170149.9558638083,352875.2418681628,793
566,Musical Instrument and Supplies Stores,170711.2079426365,291611.4822731305,1813
983,Tile and Terrazzo Contractors,170934.01578531964,375423.8107999235,1267
452,Internet Publishing and Broadcasting and Web Search Portals,171475.13966480448,412586.9160235087,358
245,Dance Companies,171500.5189189189,305055.0857838851,370
83,Architectural Services,171650.7055198285,349000.6840445309,3732
999,Translation and Interpretation Services,172804.41176470587,424518.61782863387,340
1038,Women's Handbag and Purse Manufacturing,173014.34426229508,349327.25294187054,122
720,Other Technical and Trade Schools,173372.51340206186,333725.76981093205,970
870,Satellite Telecommunications,173460.13513513515,446998.44111491623,148
59,All Other Specialty Food Stores,176235.4695968275,266545.4047572248,6052
300,Executive Search Services,176261.70212765958,210363.88192505145,94
250,Dental Laboratories,176907.89191123837,320949.1929487667,1397
323,Finfish Fishing,177280.44226044227,207135.7956973478,407
1025,Water Supply and Irrigation Systems,177428.08638360177,332523.82626267435,683
845,Repossession Services,177828.125,275663.62698358536,160
734,Paint and Wallpaper Stores,178277.41415929204,269399.99704130745,565
236,Custom Computer Programming Services,178498.07208237986,380381.2616104621,7866
761,Photofinishing Laboratories (except One-Hour),178873.9907120743,257648.23350790146,323
709,Other Services Related to Advertising,179656.61823361824,374708.7375532564,1404
956,Support Activities for Forestry,179950.70666666667,404589.2144485443,375
813,Professional and Management Development Training,180925.23564954684,397038.67822210834,662
11,Advertising Agencies,180931.9446736229,414433.01999059814,4121
628,Optical Goods Stores,181375.52615384615,299726.25311619777,975
732,Packing and Crating,182312.09523809524,299554.64195356076,525
100,Automotive Transmission Repair,182520.71784232365,217580.35301464715,1687
495,Logging,183354.33507853403,357001.13027556805,1719
478,Leather and Hide Tanning and Finishing,183697.24444444446,272925.38853376295,135
561,Museums,184957.85714285713,501692.06522447517,133
644,Other Building Finishing Contractors,185698.42527630946,376258.7320365783,2081
794,Poured Concrete Foundation and Structure Contractors,185727.4403463759,385937.917956761,3118
187,Computer Facilities Management Services,185810.75303030302,352413.8800068797,660
614,"Offices of Physical, Occupational and Speech Therapists, and Audiologists",186389.3492343934,331506.2655965943,5094
28,All Other Health and Personal Care Stores,186829.21736694677,393745.3406128161,1785
878,"Scenic and Sightseeing Transportation, Water",187122.60098522168,329531.23882562184,406
361,Fruit and Vegetable Markets,187137.35682819382,329165.13530206407,908
929,Special Needs Transportation,187705.19031719532,455898.2161377608,599
617,Offices of Podiatrists,187963.64415259537,314556.62565017556,1599
259,Direct Title Insurance Carriers,188049.70253164557,385097.1476001571,158
719,Other Support Activities for Water Transportation,188165.40880503145,410131.66888353374,159
780,"Plumbing, Heating, and Air-Conditioning Contractors",188602.083074051,373157.25640729297,12856
502,Manufactured (Mobile) Home Dealers,188778.78169014084,247836.60045074852,284
592,Nonupholstered Wood Household Furniture Manufacturing,188956.10236220472,356453.47494954127,762
21,All Other Automotive Repair and Maintenance,189091.98940533152,329910.0874557129,2926
178,Commercial Screen Printing,190699.5438686506,367767.26387644425,1949
893,Septic Tank and Related Services,190705.635734072,389009.1160300259,722
101,Baked Goods Stores,192266.2393533123,303132.1841896996,2536
370,General Automotive Repair,192268.97287571584,296577.4481687797,25844
228,"Crop Harvesting, Primarily by Machine",193101.15151515152,413860.0128050452,198
378,Geophysical Surveying and Mapping Services,194711.36434108528,388445.41382516595,258
643,Other Building Equipment Contractors,195801.36967418547,379544.0917802141,1596
107,Beef Cattle Ranching and Farming,195951.41093474426,359517.78838286345,567
915,Soft Drink Manufacturing,196421.82464454975,439697.4135401716,211
466,"Jewelry, Watch, Precious Stone, and Precious Metal Merchant Wholesalers",196469.16454081633,486077.2142708557,1568
354,Freight Transportation Arrangement,196767.99233349305,414851.079474172,2087
890,Security Systems Services (except Locksmiths),197050.35926258992,406141.89335075754,2224
372,"General Freight Trucking, Long-Distance, Less Than Truckload",197817.67942583733,510533.562304809,836
616,"Offices of Physicians, Mental Health Specialists",197911.65778401121,338977.91259773314,1426
604,Offices of All Other Miscellaneous Health Practitioners,197954.02449364107,358759.97881443787,4246
702,Other Personal Care Services,198628.5514135255,331749.2719399123,7216
345,Food Service Contractors,199269.49678550556,398932.08136138995,1711
37,All Other Miscellaneous Crop Farming,199298.4121212121,443870.4131904196,495
580,Newspaper Publishers,199553.03980099503,418275.80737628404,804
296,Environmental Consulting Services,201062.02603369066,355680.4861462203,1306
44,All Other Miscellaneous Schools and Instruction,201246.90580592773,393345.6285236924,2463
751,Pet and Pet Supplies Stores,201375.6000832293,317123.36290729407,2403
718,Other Support Activities for Road Transportation,201568.11176470589,402031.5249561541,680
221,Couriers and Express Delivery Services,202138.3281829419,358934.27311343467,1618
60,All Other Specialty Trade Contractors,202206.21981337262,387606.4638427447,14253
513,Meat Markets,202575.38257798704,324114.77710283245,1699
862,Roofing Contractors,203841.41972562106,388380.66493769514,2697
138,Business to Business Electronic Markets,204159.3471810089,340343.58398228395,337
315,"Fastener, Button, Needle, and Pin Manufacturing",204450.70422535212,222794.0444659529,71
606,Offices of Certified Public Accountants,205470.2092317036,334159.48099912,6586
656,Other Computer Related Services,205843.2434367542,389442.0549763123,5447
99,Automotive Parts and Accessories Stores,206024.8205128205,362864.1760774342,5538
13,"Agents and Managers for Artists, Athletes, Entertainers, and Other Public Figures",208860.55437100213,577158.5451871937,469
735,"Paint, Varnish, and Supplies Merchant Wholesalers",209016.57458563536,324380.8645393752,181
556,Motor Vehicle Towing,209183.9823049002,403122.74137143703,2204
507,Marketing Research and Public Opinion Polling,209513.58303249098,396558.45951699157,554
919,"Soil Preparation, Planting, and Cultivating",209745.4137115839,286844.05932883674,846
124,Books Printing,210409.7265625,523216.19285446906,256
451,International Trade Financing,210654.41176470587,530720.7451977272,68
396,HMO Medical Centers,211442.68292682926,586021.7760312636,82
96,Automotive Exhaust System Repair,211694.21846153846,227191.82181167477,1300
575,New Housing For-Sale Builders,212338.33121019107,520324.63065868884,314
913,Snack and Nonalcoholic Beverage Bars,212348.91962821214,265432.31080525473,3658
976,Temporary Help Services,212790.05437352246,420344.1788305989,1692
742,Passenger Car Leasing,214297.8260869565,288206.9871945329,92
1021,Vocational Rehabilitation Services,214431.08272058822,333977.5931393255,544
747,Periodical Publishers,214465.78928571427,472925.0123041095,1120
687,Other Marine Fishing,214940.94949494948,417536.63722334977,99
724,Other Waste Collection,215426.48540145985,438072.3324504895,548
311,Farm Management Services,215570.32967032967,329979.45912317553,91
1027,Welding and Soldering Equipment Manufacturing,215640.5842293907,324828.6800191522,279
137,Business and Secretarial Schools,215782.5633802817,338603.2485740599,71
705,Other Pressed and Blown Glass and Glassware Manufacturing,215958.40930232557,361432.04390585294,215
908,Site Preparation Contractors,216219.72038592104,457657.1618947778,5597
108,Beer and Ale Merchant Wholesalers,216223.77551020408,446439.63421667635,392
667,Other Electronic and Precision Equipment Repair and Maintenance,216545.44326241134,446499.31329361204,846
287,Electronics Stores,217126.7719072165,401799.1930890574,776
180,Commercial and Institutional Building Construction,218418.00433308215,410772.0160428214,5308
46,All Other Miscellaneous Textile Product Mills,219030.2200647249,452947.69920933933,618
916,Software Publishers,219300.4329004329,511480.27861859655,1155
811,Professional Employer Organizations,219828.47682119205,495901.5310408934,302
448,Insurance Agencies and Brokerages,220261.1335296507,408995.37766990013,9848
663,Other Direct Selling Establishments,220424.87864534336,430504.9149106288,3189
633,Other Activities Related to Credit Intermediation,220905.11811023622,382118.21062427456,254
830,Recreational Goods Rental,221198.6896551724,313638.13204122597,87
286,Electronic Shopping and Mail-Order Houses,221257.08251586845,455960.497462354,5199
896,Sewage Treatment Facilities,222201.14942528735,362527.63214468345,87
782,Polish and Other Sanitation Good Manufacturing,222546.03187250995,360073.36529082933,251
763,"Photographic Film, Paper, Plate, and Chemical Manufacturing",222771.42857142858,454398.23056975316,84
332,Floor Covering Stores,223521.78894878706,363197.36218941957,3710
598,Office Administrative Services,223723.24013157896,489843.6320451607,912
473,Land Subdivision,224062.96296296295,595212.7179000945,108
274,Drycleaning and Laundry Services (except Coin-Operated),224207.7960757882,304237.22073344316,13353
1016,Used Household and Office Goods Moving,224239.14285714287,443419.67195298336,1505
529,Metal Household Furniture Manufacturing,224436.26373626373,450569.6403237138,91
868,Sales Financing,224667.44186046513,641398.758677766,86
179,Commercial and Industrial Machinery and Equipment (except Automotive and Electronic) Repair and Maintenance,224987.3842141075,428769.2451587508,4409
49,All Other Nondepository Credit Intermediation,225751.72469635628,354893.2583804136,247
149,Caterers,225960.90523198422,510392.67100164434,4052
456,Investment Banking and Securities Dealing,226050.0,610736.8764354214,106
743,Passenger Car Rental,227059.08006535948,382111.4793403977,612
744,Payroll Services,227119.3650793651,493938.5865016667,315
123,"Book, Periodical, and Newspaper Merchant Wholesalers",227954.8076923077,505200.30979825486,208
292,Employment Placement Agencies,228401.3076923077,416703.25474564004,1300
1015,Used Car Dealers,230016.93172268907,405784.3837421884,5712
1033,Wine and Distilled Alcoholic Beverage Merchant Wholesalers,230445.75596816977,502800.12299173465,754
678,Other Grocery and Related Products Merchant Wholesalers,231616.14627994955,495819.53963832284,2379
726,Outdoor Power Equipment Stores,231727.6078125,431215.87924069405,640
855,Retail Bakeries,231824.58825561314,336014.332313408,2895
360,Fruit and Vegetable Canning,231933.1349206349,454294.3951595704,252
894,Service Establishment Equipment and Supplies Merchant Wholesalers,233308.0452674897,420480.41133837024,729
937,Sporting and Athletic Goods Manufacturing,233399.3298835705,405472.01526279363,1546
725,Outdoor Advertising,234717.6700143472,465214.3941556233,697
907,Sign Manufacturing,235389.94227707008,400272.87374991196,2512
537,Miscellaneous Financial Investment Activities,237269.65317919076,590929.2323097074,346
426,Ice Cream and Frozen Dessert Manufacturing,238229.86053882726,358639.99763278937,631
213,Corn Farming,238309.0625,704914.4716392765,96
634,Other Activities Related to Real Estate,238321.8164116829,527335.2869342933,2157
197,Confectionery Merchant Wholesalers,238333.14285714287,556379.1138986475,350
596,"Nursery, Garden Center, and Farm Supply Stores",240769.0488126649,420515.98638198787,2274
520,"Medical, Dental, and Hospital Equipment and Supplies Merchant Wholesalers",240787.18956743003,501186.2627472895,2358
249,Dental Equipment and Supplies Manufacturing,240908.18411552347,412155.5772327265,277
47,All Other Miscellaneous Waste Management Services,241155.79296346413,455258.4097517031,739
612,Offices of Optometrists,241596.4272974021,354187.58700476843,5158
294,Engineering Services,242277.00939764493,460482.1552097846,8832
974,Teleproduction and Other Postproduction Services,242776.179245283,501514.0312304978,424
171,Collection Agencies,243055.12613636363,447905.04733493755,880
1042,Wood Kitchen Cabinet and Countertop Manufacturing,243167.51105182926,462227.7583665583,2624
268,Drinking Places (Alcoholic Beverages),243289.20494335736,369209.98553573847,9710
207,Convenience Stores,243746.318095451,336367.2178861408,8947
270,Drugs and Druggists' Sundries Merchant Wholesalers,244158.79032258064,560627.1823863849,1240
583,Nonchocolate Confectionery Manufacturing,244910.0,515358.8434376906,160
685,Other Lighting Equipment Manufacturing,245008.59174311926,353227.96459453413,218
940,Sports and Recreation Instruction,245016.11733333333,471349.8309831852,3375
139,Cable and Other Subscription Programming,245173.38095238095,442847.7317879427,126
20,All Other Animal Production,245527.39166666666,480153.82308043545,240
331,Flight Training,246028.2229965157,591837.0101457831,287
279,Electric Lamp Bulb and Part Manufacturing,246083.82352941178,429130.83681734,68
627,Ophthalmic Goods Merchant Wholesalers,246104.05405405405,471985.04514507204,148
671,Other Financial Vehicles,246110.3448275862,478001.6807001888,87
476,Language Schools,246312.25352112675,565077.141625631,142
308,Family Planning Centers,246553.84375,570889.9416559035,128
465,Jewelry and Silverware Manufacturing,249193.31092436975,575277.525725447,119
95,"Automotive Body, Paint, and Interior Repair and Maintenance",249221.54242125983,397919.56923627295,10160
204,Consumer Electronics and Appliances Rental,250267.41826923078,359414.9422781123,416
805,Printing Ink Manufacturing,251689.1719745223,346406.2472751221,157
238,"Cut Stock, Resawing Lumber, and Planing",252441.144,414395.3390993939,125
827,Real Estate Credit,253035.84656084655,574652.7864037727,189
523,Men's and Boys' Clothing and Furnishings Merchant Wholesalers,253401.35746606335,464653.33227853896,663
973,Telephone Apparatus Manufacturing,254030.37974683545,440830.4166510357,79
491,Linen Supply,254535.5052356021,403649.4030257357,382
954,Support Activities for Animal Production,254913.9609929078,412969.3804408266,846
412,Home Furnishing Merchant Wholesalers,255048.92294065544,548901.0563313018,1129
1026,Water and Sewer Line and Related Structures Construction,256746.26872246695,447782.89546407363,1135
511,"Mayonnaise, Dressing, and Other Prepared Sauce Manufacturing",257799.36305732484,461656.82857658085,157
135,Bus and Other Motor Vehicle Transit Systems,258092.3076923077,481835.3845755414,91
420,"Household Appliances, Electric Housewares, and Consumer Electronics Merchant Wholesalers",258483.71780028942,502581.44758102705,691
650,Other Commercial Equipment Merchant Wholesalers,258557.53053892215,495921.01497878897,835
984,Timber Tract Operations,258727.3515625,663527.7324109275,128
192,Computer and Computer Peripheral Equipment and Software Merchant Wholesalers,259226.3872255489,572093.9817267733,1002
26,All Other General Merchandise Stores,259467.17557251907,477985.6874977852,131
560,"Motorcycle, Bicycle, and Parts Manufacturing",259795.2172897196,540229.0017193285,428
115,Blank Magnetic and Optical Recording Media Manufacturing,260850.60240963855,420225.0109729235,83
257,Direct Mail Advertising,260922.73037542662,440275.2637414662,586
56,"All Other Professional, Scientific, and Technical Services",261354.31711101707,496885.8578504945,7089
169,Coffee and Tea Manufacturing,261687.30112721416,534159.5102214268,621
174,Commercial Bakeries,261770.76956904132,503874.78793469904,2274
367,Furniture Stores,262854.0271958098,494140.0014774561,4964
972,Telephone Answering Services,263392.57425742573,489287.74825387786,202
762,Photographic Equipment and Supplies Merchant Wholesalers,263460.9375,529976.004542885,128
211,Cookie and Cracker Manufacturing,264024.4541484716,586096.4135518308,229
938,Sporting and Recreational Goods and Supplies Merchant Wholesalers,264154.4100877193,538793.8000509789,1824
519,Medical Laboratories,264313.68810572685,508756.50516587065,1135
306,Facilities Support Services,264313.8787185355,464523.9114093312,437
413,Home Health Care Services,265656.6178165939,490659.40020760265,5725
71,Ambulance Services,266677.41945288755,515644.26791552757,658
731,Packaging and Labeling Services,268100.03961965133,525180.60373848,631
987,Tire Retreading,268242.35294117645,487711.1675436383,85
750,Pet Care (except Veterinary) Services,269318.3452484743,450560.10423499846,4588
51,All Other Outpatient Care Centers,269846.43902439025,508546.13487700623,1025
416,Horses and Other Equine Production,270661.5560165975,404712.6453590328,241
970,Telecommunications Resellers,271549.34497816593,459525.3570137388,229
182,Commodity Contracts Brokerage,271881.25,462496.378663551,80
244,Dairy Product (except Dried or Canned) Merchant Wholesalers,273436.64122137404,571993.52945006,262
445,Institutional Furniture Manufacturing,273534.21828908555,543772.9328988849,339
73,Amusement Arcades,273610.72332942556,497298.1675901463,853
399,Hardware Stores,274153.94767544634,377236.6026600412,5657
850,Residential Electric Lighting Fixture Manufacturing,276591.9514563107,450328.85379041923,206
328,Fitness and Recreational Sports Centers,277124.56768792303,462389.1124086596,16842
356,"Frozen Cakes, Pies, and Other Pastries Manufacturing",277128.9855072464,572714.2373765941,138
706,Other Professional Equipment and Supplies Merchant Wholesalers,277571.16279069765,590006.7363655153,430
76,Animal (except Poultry) Slaughtering,279219.5799086758,444882.68519422767,438
430,Industrial Building Construction,279824.51578947366,528324.2205878632,1045
960,Support Activities for Rail Transportation,281370.64705882355,502067.75899577927,119
419,Household Appliance Stores,282085.90308370045,432805.0681970288,227
218,Cosmetology and Barber Schools,282355.70068027213,518573.0724774908,588
932,Specialty (except Psychiatric and Substance Abuse) Hospitals,282622.7272727273,621279.7776846061,154
895,Services for the Elderly and Persons with Disabilities,282824.72562674095,572325.8748612957,1436
246,"Data Processing, Hosting, and Related Services",283440.9034620506,608625.3911198397,1502
383,Glass and Glazing Contractors,283773.5632183908,518784.9607531875,1044
824,Radio and Television Broadcasting and Wireless Communications Equipment Manufacturing,283950.5788288288,426085.06713251374,444
786,Portfolio Management,284035.9090909091,569254.1062056324,440
347,Footwear Merchant Wholesalers,284149.8422712934,563879.7747918246,317
366,Furniture Merchant Wholesalers,285268.8852813853,525713.4162980698,924
589,Nonresidential Property Managers,285348.66329625883,568113.9264152574,989
382,Glass Product Manufacturing Made of Purchased Glass,285764.893081761,477848.89348225144,636
15,Air and Gas Compressor Manufacturing,286116.32653061225,365750.52020423085,98
877,"Scenic and Sightseeing Transportation, Other",287255.6818181818,656043.4091430153,88
645,Other Building Material Dealers,287672.16569767444,514813.27239636966,3440
145,Carpet and Rug Mills,288327.80136986304,525265.4029560561,146
208,Convention and Trade Show Organizers,288449.23076923075,604029.0350679032,390
337,"Flower, Nursery Stock, and Florists' Supplies Merchant Wholesalers",288934.2197962154,566484.7507738764,687
1044,Wood Preservation,289505.6796875,465361.78336011776,128
717,Other Support Activities for Air Transportation,291610.3386727689,561241.4155939401,437
994,Toilet Preparation Manufacturing,293833.125,571438.7896080422,344
170,Coin-Operated Laundries and Drycleaners,294361.0361219477,425936.2873031416,6921
921,Solid Waste Collection,294624.7536231884,519911.8680848291,1656
766,"Piece Goods, Notions, and Other Dry Goods Merchant Wholesalers",294901.3719262295,587177.5693450429,976
666,Other Electronic Parts and Equipment Merchant Wholesalers,297033.9809674861,563625.3569078807,1261
1005,"Truck, Utility Trailer, and RV (Recreational Vehicle) Rental and Leasing",297384.34982332157,554199.7920061385,566
950,Structural Steel and Precast Concrete Contractors,297501.179941003,510548.56760198384,678
1002,Travel Trailer and Camper Manufacturing,297732.68292682926,549939.9544363125,205
993,Tobacco and Tobacco Product Merchant Wholesalers,298342.8781362007,551986.2365129265,279
481,Lessors of Nonfinancial Intangible Assets (except Copyrighted Works),299477.2580645161,707793.2874366555,124
776,Plastics Plumbing Fixture Manufacturing,300129.44444444444,392785.4579860434,90
1030,Wholesale Trade Agents and Brokers,301097.3265917603,623327.3731118286,1335
863,"Roofing, Siding, and Insulation Material Merchant Wholesalers",301500.7725490196,500578.29292627884,255
1013,Upholstered Household Furniture Manufacturing,301558.59645232814,474371.31314031605,451
330,Flavoring Syrup and Concentrate Manufacturing,302095.1612903226,566974.6469676328,62
90,Audio and Video Equipment Manufacturing,302223.0,532385.0770838746,500
290,Elevator and Moving Stairway Manufacturing,302269.6629213483,405975.2817723172,89
729,Packaged Frozen Food Merchant Wholesalers,302874.7572815534,472515.2396710101,412
555,Motor Vehicle Supplies and New Parts Merchant Wholesalers,303641.6742823667,615907.9694945437,1707
814,"Promoters of Performing Arts, Sports, and Similar Events with Facilities",303882.53466666664,627348.7490361319,750
843,Remediation Services,304334.5982627579,536133.9605096433,921
407,"Highway, Street, and Bridge Construction",304378.54449027695,526108.052821761,1697
668,Other Engine Equipment Manufacturing,304639.1304347826,676090.7701196591,92
727,Outpatient Mental Health and Substance Abuse Centers,304805.86503067485,592470.9998234077,489
427,Ice Manufacturing,304918.6886227545,488230.14276152785,334
484,Lessors of Residential Buildings and Dwellings,306192.0429936306,586453.4516844695,628
234,Custom Architectural Woodwork and Millwork Manufacturing,306244.0655105973,479096.4596799285,519
1043,Wood Office Furniture Manufacturing,306548.73796791444,392292.40530395054,374
587,"Nonferrous Metal (except Copper and Aluminum) Rolling, Drawing, and Extruding",306900.8695652174,601210.7855681297,115
914,Soap and Other Detergent Manufacturing,307470.76124567474,569392.603324149,289
835,Refrigeration Equipment and Supplies Merchant Wholesalers,308067.7083333333,518918.5360722114,144
981,Theater Companies and Dinner Theaters,308664.096692112,473248.6006416515,393
1039,"Women's, Children's, and Infants' Clothing and Accessories Merchant Wholesalers",309349.660475162,632912.2783942822,2315
797,Power and Communication Line and Related Structures Construction,309827.0527027027,564881.1410942976,740
832,Recreational and Vacation Camps (except Campgrounds),310994.62447257387,421073.63190816937,474
722,Other Vegetable (except Potato) and Melon Farming,311224.81875,726674.3827388173,160
284,Electronic Computer Manufacturing,311579.9449035813,457980.633262031,363
264,"Doll, Toy, and Game Manufacturing",311910.71428571426,644337.3121091636,112
157,Child and Youth Services,312104.82866043615,571913.6128146187,642
1045,Wood Window and Door Manufacturing,312195.60459770117,531548.5328517023,435
91,"Automatic Environmental Control Manufacturing for Residential, Commercial, and Appliance Use",312769.72297297296,580960.0728563096,148
442,Industrial and Personal Service Paper Merchant Wholesalers,313250.74626865675,578774.7654775846,335
129,"Brick, Stone, and Related Construction Material Merchant Wholesalers",313808.30476190476,534430.2318346207,735
570,Natural Gas Distribution,313959.0975609756,446276.1944097547,205
573,Navigational Services to Shipping,314629.2125,434905.5520247957,160
334,Floriculture Production,314817.39130434784,590069.496858455,92
971,Telemarketing Bureaus and Other Contact Centers,316437.30964467005,611957.9724893166,197
552,Motor Vehicle Parts (Used) Merchant Wholesalers,316498.0530973451,592768.4867195188,226
748,Perishable Prepared Food Manufacturing,316552.5907990315,596407.4732804546,413
446,Instrument Manufacturing for Measuring and Testing Electricity and Electrical Signals,316681.8181818182,487456.3331890709,132
102,Ball and Roller Bearing Manufacturing,316965.3846153846,397582.2706252574,52
63,All Other Telecommunications,317264.86036960984,582019.6162374906,487
152,Cemeteries and Crematories,319877.2943262411,467392.7485213899,282
985,Tire Dealers,319993.15983112185,453593.3789282587,1658
267,Drilling Oil and Gas Wells,320223.509375,501424.7871363682,320
477,Lawn and Garden Tractor and Home Lawn and Garden Equipment Manufacturing,320384.57857142854,517179.9870547702,140
111,Biological Product (except Diagnostic) Manufacturing,320645.76271186443,387025.6969647444,59
142,"Capacitor, Resistor, Coil, Transformer, and Other Inductor Manufacturing",320958.9893617021,280228.42935468076,94
320,"Financial Transactions Processing, Reserve, and Clearinghouse Activities",321492.91338582675,582590.2706936443,254
905,"Showcase, Partition, Shelving, and Locker Manufacturing",321527.9411764706,641762.8749807009,272
910,Small Arms Ammunition Manufacturing,321766.17821782175,616173.431753762,101
398,Hardware Merchant Wholesalers,322793.0134680135,566733.059723879,594
965,Switchgear and Switchboard Apparatus Manufacturing,322915.07826086954,359364.84282934107,115
403,Hazardous Waste Treatment and Disposal,323480.75581395347,430622.77691463457,172
773,Plastics Materials and Basic Forms and Shapes Merchant Wholesalers,323973.2793522267,493416.32606534223,247
327,Fish and Seafood Merchant Wholesalers,324238.76319758676,566166.7154811467,663
239,Cut Stone and Stone Product Manufacturing,325347.6867989646,519124.5282827645,1159
538,Miscellaneous Intermediation,325527.1186440678,492806.09623772185,118
740,Parking Lots and Garages,325787.220657277,649618.9138686905,213
235,Custom Compounding of Purchased Resins,325803.06666666665,408824.05660703743,120
831,Recreational Vehicle Dealers,326448.1870350691,517064.2724681097,941
263,Dog and Cat Food Manufacturing,326727.3076923077,661475.2660789838,208
692,Other Miscellaneous Durable Goods Merchant Wholesalers,326807.67358448,615923.5967099322,4433
119,Boat Dealers,327170.2551903114,509850.61826783436,1156
516,Mechanical Power Transmission Equipment Manufacturing,327240.2876712329,501354.9948555381,73
978,Testing Laboratories,327303.5,526778.5525440503,1100
116,Blind and Shade Manufacturing,327558.2247706422,456963.0080079337,218
1024,Warm Air Heating and Air-Conditioning Equipment and Supplies Merchant Wholesalers,327837.9428571428,528339.0589133142,350
1004,Truck Trailer Manufacturing,328632.5486111111,469809.82335504284,288
1041,Wood Container and Pallet Manufacturing,329623.45816733065,505182.8899048554,1004
411,Home Centers,330239.78142076504,558501.8805105075,549
130,Broadwoven Fabric Mills,331183.65555555554,531175.543910534,180
42,All Other Miscellaneous Manufacturing,332651.38411214954,592107.8893545871,3210
631,Ornamental and Architectural Metal Work Manufacturing,333510.76419213973,515940.86016143847,687
533,Metal Window and Door Manufacturing,333592.7653631285,525276.3453292701,537
615,Offices of Physicians (except Mental Health Specialists),333893.2644111826,545960.9992142069,16168
48,All Other Miscellaneous Wood Product Manufacturing,335044.4702166065,609938.2006840396,1108
881,School and Employee Bus Transportation,336172.9458874459,581317.9345887186,462
712,Other Snack Food Manufacturing,336255.53211009176,563186.9370921012,327
438,Industrial Supplies Merchant Wholesalers,336326.6181455633,592066.461807514,1003
933,Specialty Canning,337137.9310344828,727864.7309810874,58
357,"Frozen Fruit, Juice, and Vegetable Manufacturing",337270.5882352941,466436.6490457034,136
362,Fuel Dealers,338113.0612244898,612433.2921793922,245
807,Printing and Writing Paper Merchant Wholesalers,338658.4474885845,604093.2251247447,219
653,Other Communication and Energy Wire Manufacturing,339065.0,658547.3183068568,60
153,Charter Bus Industry,339157.31939163496,593322.9175444867,526
879,Scheduled Freight Air Transportation,339310.6666666667,849212.2827868399,75
816,Psychiatric and Substance Abuse Hospitals,339554.41414141416,736900.4011704042,99
953,Support Activites for Printing,339713.9784946237,448011.43633292057,93
693,Other Miscellaneous Nondurable Goods Merchant Wholesalers,341101.72666488367,625549.9080937773,3739
109,"Beer, Wine, and Liquor Stores",341994.8338635331,470318.60996290686,15403
188,Computer Storage Device Manufacturing,343067.25352112675,490586.97982969385,71
654,Other Communications Equipment Manufacturing,343820.42412451364,580467.360274604,257
886,"Secondary Smelting, Refining, and Alloying of Nonferrous Metal (except Copper and Aluminum)",344434.54545454547,823658.905988481,55
730,Packaging Machinery Manufacturing,345736.2921348315,481553.0639560176,178
443,Inland Water Freight Transportation,345893.38759689924,592036.2365867364,129
658,Other Construction Material Merchant Wholesalers,347378.34932349325,624134.8552516799,813
132,"Broom, Brush, and Mop Manufacturing",347725.8181818182,439222.2607435138,66
629,Optical Instrument and Lens Manufacturing,347833.79562043794,641562.8975519164,274
241,Cutting Tool and Machine Tool Accessory Manufacturing,347968.1834625323,528702.9278064418,387
329,Flat Glass Manufacturing,348075.3287671233,526757.7955922058,146
733,Paint and Coating Manufacturing,348517.34375,537372.0791775885,448
962,Surgical Appliance and Supplies Manufacturing,349561.42045454547,601293.8372986405,440
599,Office Equipment Merchant Wholesalers,349928.75,643009.257334001,480
526,"Metal Coating, Engraving (except Jewelry and Silverware), and Allied Services to Manufacturers",351440.6295811518,567413.9774085126,764
778,Plumbing Fixture Fitting and Trim Manufacturing,351532.4745762712,649981.4814448856,59
779,Plumbing and Heating Equipment and Supplies (Hydronics) Merchant Wholesalers,351888.93917710194,599012.9272892843,559
503,Manufactured Home (Mobile Home) Manufacturing,353868.9024390244,581665.2271360859,82
755,Petroleum Refineries,354728.94736842107,534766.119050385,76
376,General Rental Centers,354855.7818181818,486270.39561428636,825
280,Electric Power Distribution,354967.14285714284,646414.0255153988,70
959,Support Activities for Oil and Gas Operations,356218.5943247504,654475.522095307,1903
488,Limited-Service Restaurants,356510.2307145901,484295.4069550558,14078
368,"Gasket, Packing, and Sealing Device Manufacturing",357006.43255813955,449063.9055767921,215
675,Other Gasoline Stations,358087.93013768486,435650.97631654504,1961
455,Investment Advice,358405.716969697,628933.5415056446,3300
982,Third Party Administration of Insurance and Pension Funds,358857.0412371134,700003.1986630753,194
405,Heating Equipment (except Warm Air Furnaces) Manufacturing,359279.725,484942.61870927823,200
1036,Wireless Telecommunications Carriers (except Satellite),359463.07692307694,611194.3961338197,65
261,Distilleries,359568.74942528736,566156.0930521974,435
134,Burial Casket Manufacturing,359950.74576271186,686491.4593370482,59
336,Flour Milling,359970.67391304346,566656.8211732937,92
558,Motor and Generator Manufacturing,360069.7804878049,772444.2594100301,164
979,Textile Bag and Canvas Mills,361005.6603773585,588524.8953675145,53
16,Air-Conditioning and Warm Air Heating Equipment and Commercial and Industrial Refrigeration Equipment Manufacturing,361126.7982708934,662501.0279463853,347
844,Rendering and Meat Byproduct Processing,361658.6538461539,382465.5615306768,52
998,Toy and Hobby Goods and Supplies Merchant Wholesalers,362811.9612068966,757767.8942590884,696
601,Office Machinery and Equipment Rental and Leasing,362884.7121661721,586177.5509780786,337
595,Nursery and Tree Production,364661.7378854625,698087.4287286862,454
93,Automobile Manufacturing,365318.94666666666,825981.5563293083,75
358,Frozen Specialty Food Manufacturing,366066.4741641337,698349.2718763393,329
935,Spice and Extract Manufacturing,366760.71428571426,635331.2564512676,140
821,Racetracks,367508.1081081081,623315.6623522795,111
288,"Electroplating, Plating, Polishing, Anodizing, and Coloring",368698.51981132076,501172.9122254691,1060
802,Prefabricated Wood Building Manufacturing,369188.1045296167,537871.9619979986,287
557,Motor Vehicle Transmission and Power Train Parts Manufacturing,369568.0,540741.617358452,100
355,Fresh Fruit and Vegetable Merchant Wholesalers,369912.38910012675,723235.6763506171,789
118,Boat Building,370360.75796178344,602766.8088092777,314
65,All Other Transportation Equipment Manufacturing,371696.0101694915,617692.0661535355,295
952,Supermarkets and Other Grocery (except Convenience) Stores,371934.0858531317,586307.5199238765,11112
159,Chocolate and Confectionery Manufacturing from Cacao Beans,373636.8157894737,742871.3245723733,76
945,Steel Foundries (except Investment),373737.33,478215.12028167973,100
749,Pesticide and Other Agricultural Chemical Manufacturing,373747.5229357798,786770.4173240215,109
680,Other Heavy and Civil Engineering Construction,374272.4611872146,694246.2081976599,1314
283,Electromedical and Electrotherapeutic Apparatus Manufacturing,376823.9344262295,736213.489296276,183
536,Mining Machinery and Equipment Manufacturing,377203.9797979798,584019.7615729226,99
636,Other Airport Operations,377904.2025316456,577644.6164293346,158
313,Farm Supplies Merchant Wholesalers,378043.3062283737,674076.637139169,578
181,"Commercial, Industrial, and Institutional Electric Lighting Fixture Manufacturing",378524.33725490194,600963.3817718951,255
94,Automobile and Other Motor Vehicle Merchant Wholesalers,378526.64831460675,668037.1026558529,890
647,Other Chemical and Allied Products Merchant Wholesalers,379150.4333821376,738334.4069860721,683
472,"Laminated Plastics Plate, Sheet (except Packaging), and Shape Manufacturing",379557.8787878788,453220.8259719567,132
498,Machine Shops,379715.6278290025,587290.3899408067,4772
928,"Special Die and Tool, Die Set, Jig, and Fixture Manufacturing",380800.7803030303,499771.60816835955,660
754,Petroleum Lubricating Oil and Grease Manufacturing,382385.6862745098,570301.3154265446,102
453,Interurban and Rural Bus Transportation,384271.5789473684,888800.3639454746,95
510,Mattress Manufacturing,385041.5254237288,464963.9205424441,118
240,Cut and Sew Apparel Contractors,386248.9583333333,775306.4168774529,144
901,Shellfish Fishing,386317.4429347826,312025.5923439607,736
911,"Small Arms, Ordnance, and Ordnance Accessories Manufacturing",386451.72192513366,717491.232283808,187
691,Other Millwork (including Flooring),386844.35333333333,670807.3012074708,600
698,Other Nonhazardous Waste Treatment and Disposal,387655.936329588,518913.3403397851,267
43,All Other Miscellaneous Nonmetallic Mineral Product Manufacturing,387969.7196969697,709607.5135749158,132
67,All Other Traveler Accommodation,388199.3791044776,550233.746525396,335
651,Other Commercial and Industrial Machinery and Equipment Rental and Leasing,388724.95779816515,697117.5761599757,1635
200,Construction Sand and Gravel Mining,389554.8557377049,754683.367178767,610
285,Electronic Connector Manufacturing,390565.91489361704,451295.8377851818,94
363,Full-Service Restaurants,391140.9705978438,580473.9117054405,21427
514,Meat Processed from Carcasses,391723.1065830721,603306.4533736433,319
312,Farm Product Warehousing and Storage,392081.98198198195,388968.85554179095,111
1014,Urethane and Other Foam Product (except Polystyrene) Manufacturing,392098.63265306124,691009.7783229002,98
434,Industrial Machinery and Equipment Merchant Wholesalers,393039.34390112845,653951.5367726205,1861
402,Hazardous Waste Collection,395161.36363636365,722432.9063914515,88
795,Powder Metallurgy Part Manufacturing,397571.4285714286,446465.1463579687,63
375,General Medical and Surgical Hospitals,397663.6678200692,805476.4515415018,289
608,Offices of Dentists,398088.4112264256,508857.3388072152,26883
40,All Other Miscellaneous Food Manufacturing,398722.6396979504,725264.7170393273,927
988,Tire and Tube Merchant Wholesalers,399511.6104417671,731765.1105447329,249
866,Rubber Product Manufacturing for Mechanical Use,400120.87735849054,592848.3926970698,106
808,Private Households,400207.0344827586,493943.0497385739,203
447,"Instruments and Related Products Manufacturing for Measuring, Displaying, and Controlling Industrial Process Variables",400679.8626609442,547037.326634741,466
621,Oil and Gas Pipeline and Related Structures Construction,401324.8927038627,658422.4499920583,233
374,General Line Grocery Merchant Wholesalers,401641.41844577284,694379.7083336506,1171
19,All Other Amusement and Recreation Industries,401994.43294329435,692717.8088128277,5555
547,Motor Vehicle Body Manufacturing,403361.43846153846,644394.4473706785,260
36,All Other Miscellaneous Chemical Product and Preparation Manufacturing,403574.6136865342,650429.144319259,453
600,Office Furniture (except Wood) Manufacturing,404235.5128205128,640335.8656037378,195
841,Relay and Industrial Control Manufacturing,404454.32352941175,637638.9654391416,204
397,Hardware Manufacturing,404560.90534979425,679264.8879566403,243
497,"Lumber, Plywood, Millwork, and Wood Panel Merchant Wholesalers",404951.72955974843,771540.99751929,1113
672,Other Food Crops Grown Under Cover,405776.59574468085,685974.5016148237,94
41,All Other Miscellaneous General Purpose Machinery Manufacturing,407401.38586956525,608131.1417457327,920
305,Fabricated Structural Metal Manufacturing,407485.6718170581,555700.7464342644,1618
202,"Construction, Mining, and Forestry Machinery and Equipment Rental and Leasing",409503.29402985075,721988.3662120162,670
317,Fertilizer (Mixing Only) Manufacturing,410894.9108910891,720524.1421938628,101
665,Other Electronic Component Manufacturing,411238.79492600425,604383.5341195675,473
887,Securities Brokerage,412224.13145539904,750236.0612512028,213
310,Farm Machinery and Equipment Manufacturing,412357.95774647885,694825.9580955481,355
883,"Search, Detection, Navigation, Guidance, Aeronautical, and Nautical System and Instrument Manufacturing",414054.4111675127,625035.2480804244,197
281,"Electrical Apparatus and Equipment, Wiring Supplies, and Related Equipment Merchant Wholesalers",414904.6698872786,660089.0532874143,1242
923,Solid Waste Landfill,416775.25773195876,782501.7346933552,97
689,Other Metal Container Manufacturing,417582.91139240505,652850.3214291894,158
1,Adhesive Manufacturing,418546.4705882353,547468.0407460852,170
314,Farm and Garden Machinery and Equipment Merchant Wholesalers,420826.7587939699,638925.4576411572,398
772,Plastics Material and Resin Manufacturing,420885.24543610547,609124.4161427771,493
75,Analytical Laboratory Instrument Manufacturing,422292.37438423646,546278.9863204284,203
304,Fabricated Pipe and Pipe Fitting Manufacturing,422834.7659574468,573749.9300873823,282
457,Iron Foundries,423196.10655737703,639180.6978260155,122
155,Chicken Egg Production,424078.5269320843,473087.1906954132,854
247,Deep Sea Freight Transportation,424172.54901960783,642426.8067502885,51
410,Hog and Pig Farming,425954.4377990431,632689.4252391309,418
125,Bottled Water Manufacturing,426785.08494208497,724253.5724695352,259
939,Sports Teams and Clubs,427355.55555555556,873794.5129672937,234
657,Other Concrete Product Manufacturing,427463.7737556561,712985.7096691874,442
339,Fluid Power Cylinder and Actuator Manufacturing,427517.6551724138,475693.02887207945,58
154,Cheese Manufacturing,427626.95544554456,668231.8422265103,202
872,Saw Blade and Handtool Manufacturing,429698.48484848486,768430.4275584542,66
859,Roasted Nuts and Peanut Butter Manufacturing,430429.0076335878,609016.0786671906,131
38,All Other Miscellaneous Electrical Equipment and Component Manufacturing,430655.96899224806,614586.9428782201,645
88,Asphalt Shingle and Coating Materials Manufacturing,431062.7272727273,819043.267704493,55
758,Pharmacies and Drug Stores,431471.79141278163,597456.8279053508,7057
828,Reconstituted Wood Product Manufacturing,431991.79365079367,720957.1310669109,63
156,Child Day Care Services,432440.66613517125,751808.1909197775,19442
975,Television Broadcasting,434102.6666666667,865223.615813836,150
521,Medicinal and Botanical Manufacturing,434653.73076923075,664584.3163923249,286
995,Tortilla Manufacturing,434936.13103448274,616177.3220532704,145
128,Breweries,435943.4537815126,651431.7758208606,2975
509,Materials Recovery Facilities,436598.8167938931,690565.3676114813,262
1009,Turbine and Turbine Generator Set Units Manufacturing,437396.52173913043,752159.4371774936,115
899,Sheet Metal Work Manufacturing,438489.95208333334,622338.0718999846,960
199,Construction Machinery Manufacturing,439543.5123966942,665055.1898625636,242
737,Paper (except Newsprint) Mills,439951.85185185185,575161.8573639225,54
699,Other Nonscheduled Air Transportation,440278.57692307694,727965.351776649,130
864,"Rooming and Boarding Houses, Dormitories, and Workers' Camps",441193.2475728155,580560.6237684246,206
252,Diagnostic Imaging Centers,441377.9661572052,715129.5221667571,916
24,All Other Consumer Goods Rental,442278.26086956525,693059.6238726962,115
753,Petroleum Bulk Stations and Terminals,442946.30303030304,723576.2811684983,198
798,"Power, Distribution, and Specialty Transformer Manufacturing",443142.4397590361,724443.5920761697,166
433,Industrial Launderers,443277.5641025641,856378.8041768649,234
389,Grape Vineyards,443480.1282051282,596813.154338016,78
892,Semiconductor and Related Device Manufacturing,446448.02693602693,582856.9989599686,297
728,"Overhead Traveling Crane, Hoist, and Monorail System Manufacturing",448285.29411764705,606809.4659771036,102
439,"Industrial Truck, Tractor, Trailer, and Stacker Machinery Manufacturing",449764.16964285716,789333.2813682136,112
707,Other Residential Care Facilities,449862.71181102365,570799.6102582351,635
638,Other Animal Food Manufacturing,450681.0,755985.3934828684,287
860,Rolled Steel Shape Manufacturing,451295.2111801242,609188.3482755396,161
851,Residential Intellectual and Developmental Disability Facilities,453713.88,710682.3592341483,225
902,Ship Building and Repairing,454512.4328358209,726316.1392545783,134
210,Conveyor and Conveying Equipment Manufacturing,456418.0963855422,526700.843350561,249
1034,Wineries,458020.5564356436,869266.8974172829,1010
177,Commercial Printing (except Screen and Books),459000.4906409529,736564.1726982933,1763
996,Totalizing Fluid Meter and Counting Device Manufacturing,459355.9322033898,620624.8523342357,59
660,Other Cut and Sew Apparel Manufacturing,459924.54545454547,894863.6470564583,110
459,Iron and Steel Forging,460713.7295081967,678145.7184928122,244
613,Offices of Other Holding Companies,460911.6131045242,663509.4268667223,641
266,Dried and Dehydrated Food Manufacturing,461522.1153846154,813229.8759019858,104
492,Livestock Merchant Wholesalers,462479.012345679,654304.1406173526,81
87,Asphalt Paving Mixture and Block Manufacturing,465340.07826086954,740208.1077800554,230
1000,Transportation Equipment and Supplies (except Motor Vehicle) Merchant Wholesalers,466129.8652094718,830537.7388307193,549
1010,Turkey Production,466349.53543307085,534871.4963022575,127
963,Surgical and Medical Instrument Manufacturing,466442.03786191536,700407.7185652681,449
690,Other Metal Valve and Pipe Fitting Manufacturing,468301.5748031496,654883.9959051819,127
874,Sawmills,470396.51067961165,739224.4208557579,515
194,Concrete Block and Brick Manufacturing,472473.74907749076,683387.8580758189,271
801,Prefabricated Metal Building and Component Manufacturing,473121.2189973615,682095.1478672493,379
620,Oil and Gas Field Machinery and Equipment Manufacturing,473346.07258064515,621387.7773116434,372
1012,Unlaminated Plastics Profile Shape Manufacturing,473540.1379310345,459203.38328521926,145
104,Bare Printed Circuit Board Manufacturing,473731.689217759,621352.4429076904,473
106,Bed-and-Breakfast Inns,473824.1052631579,562869.0170002221,1178
435,Industrial Mold Manufacturing,474047.16020671837,718039.4666135805,387
273,"Dry, Condensed, and Evaporated Dairy Product Manufacturing",476333.7254901961,887961.7108769742,51
793,Poultry and Poultry Product Merchant Wholesalers,478089.32038834953,669543.9725360371,103
69,Aluminum Foundries (except Die-Casting),478369.4421052632,708516.100474874,95
400,Hardwood Veneer and Plywood Manufacturing,478671.6666666667,687354.0988186519,150
39,All Other Miscellaneous Fabricated Metal Product Manufacturing,478869.75780274655,731235.45885635,2403
172,"Colleges, Universities, and Professional Schools",479159.33774834435,943601.7753760809,151
669,Other Fabricated Wire Product Manufacturing,480180.0,667371.9245990324,180
800,Precision Turned Product Manufacturing,480206.2454780362,663078.8627708718,774
574,New Car Dealers,480529.5324436263,716148.3113649676,2173
460,Iron and Steel Mills and Ferroalloy Manufacturing,482105.6603773585,990723.6478016956,53
756,Petroleum and Petroleum Products Merchant Wholesalers (except Bulk Stations and Terminals),484896.6338797814,776166.4483627506,366
461,Iron and Steel Pipe and Tube Manufacturing from Purchased Steel,485377.1275862069,699597.4076488644,290
341,Fluid Power Valve and Hose Fitting Manufacturing,485478.81355932204,1019071.4633900884,118
55,All Other Plastics Product Manufacturing,485610.90356164385,661514.3067193265,1825
867,Rubber and Plastics Hoses and Belting Manufacturing,486742.9900990099,671232.9107812057,101
757,Pharmaceutical Preparation Manufacturing,488452.4228028504,789537.4227904691,421
120,"Bolt, Nut, Screw, Rivet, and Washer Manufacturing",488454.2313432836,659452.7168798561,268
232,Current-Carrying Wiring Device Manufacturing,489508.2113821138,685271.6404547388,123
1006,Truss Manufacturing,495699.3359375,558691.7014429065,128
704,Other Poultry Production,497832.3904282116,655981.6513129572,397
377,General Warehousing and Storage,498150.0113452188,783918.01560866,617
173,"Commercial Air, Rail, and Water Transportation Equipment Rental and Leasing",498206.3333333333,889680.6899728838,150
201,Construction and Mining (except Oil Well) Machinery and Equipment Merchant Wholesalers,498917.315,829567.0086209808,400
659,Other Crushed and Broken Stone Mining and Quarrying,499340.97777777776,690452.1392990783,90
499,Machine Tool Manufacturing,502514.83253588516,736894.2532684673,209
980,Textile and Fabric Finishing Mills,505105.0847457627,716941.5713277041,59
1046,Zoos and Botanical Gardens,506303.7037037037,997542.1392646354,54
804,Printed Circuit Assembly (Electronic Assembly) Manufacturing,510500.7042253521,766273.816632304,142
98,Automotive Oil Change and Lubrication Shops,511402.82853787433,582505.16133596,1703
22,All Other Basic Organic Chemical Manufacturing,511875.42372881353,796508.5782355455,118
25,All Other Converted Paper Product Manufacturing,513130.9405940594,882285.4537992099,202
504,Marinas,513255.0488322718,735910.3105466529,942
543,Motion Picture Theaters (except Drive-Ins),514054.13194444444,735597.7481898671,576
775,Plastics Pipe and Pipe Fitting Manufacturing,517505.65178571426,741059.2263372248,112
823,Radio Stations,517571.3745583039,752054.2073054136,283
774,Plastics Packaging Film and Sheet (including Laminated) Manufacturing,518158.0,744456.2524835793,96
784,Polystyrene Foam Product Manufacturing,519288.51612903224,637515.4749252148,93
652,Other Commercial and Service Industry Machinery Manufacturing,520076.33136094676,872945.4608684018,169
1011,Unlaminated Plastics Film and Sheet (except Packaging) Manufacturing,520084.2105263158,867604.5100227813,95
826,Ready-Mix Concrete Manufacturing,521981.18777292577,750402.4323210234,458
150,Cattle Feedlots,522400.13402061857,991029.8382012943,97
58,All Other Rubber Product Manufacturing,523478.81773399014,749101.7089098546,203
515,Meat and Meat Product Merchant Wholesalers,523920.1342182891,838021.1389146175,678
777,Plate Work Manufacturing,525797.6571428571,783513.2925023511,280
791,Poultry Hatcheries,529222.1355932204,610025.5083746435,118
289,Elementary and Secondary Schools,529434.84765625,773356.7837024743,1024
216,Corrugated and Solid Fiber Box Manufacturing,529602.5548589341,751153.4782229003,319
483,Lessors of Other Real Estate Property,530356.6429378531,694106.2096645561,885
440,Industrial Valve Manufacturing,533531.0188679246,712996.9525582237,265
243,Dairy Cattle and Milk Production,536388.6153846154,986272.4940128627,299
869,Sanitary Paper Product Manufacturing,538412.676056338,873398.9342022312,71
74,Amusement and Theme Parks,540254.8781512605,741664.0269731228,714
531,Metal Service Centers and Other Metal Merchant Wholesalers,544825.5105485232,925273.0845033725,711
17,Aircraft Engine and Engine Parts Manufacturing,546307.0679012346,913981.0744048329,162
771,Plastics Bottle Manufacturing,546610.8910891089,598293.071646495,101
688,Other Measuring and Controlling Device Manufacturing,547681.568627451,775387.787876544,255
1019,Veterinary Services,552389.0572051213,646005.9154907907,11013
723,Other Warehousing and Storage,552796.6916666667,925861.9871174966,240
591,Nonscheduled Chartered Passenger Air Transportation,554828.6619047619,952549.7865734244,210
151,Cement Manufacturing,558035.0294117647,824206.4083537584,68
925,Soybean Farming,559976.1627906977,1082906.549135426,86
934,"Speed Changer, Industrial High-Speed Drive, and Gear Manufacturing",560528.5714285715,764824.2437946798,56
527,"Metal Crown, Closure, and Other Metal Stamping (except Automotive)",561580.5970149253,887554.2669262721,67
582,Nitrogenous Fertilizer Manufacturing,565252.5744680851,761837.4118335322,94
126,Bowling Centers,565434.664943123,747544.8623885458,1934
820,RV (Recreational Vehicle) Parks and Campgrounds,566189.5661605207,759484.8854909241,1383
770,Plastics Bag and Pouch Manufacturing,569458.6466165413,899961.6497829075,133
590,Nonscheduled Chartered Freight Air Transportation,569806.779661017,1312130.3208594644,59
1040,"Women's, Girls', and Infants' Cut and Sew Apparel Manufacturing",571663.0573248408,980749.649064077,157
553,Motor Vehicle Seating and Interior Trim Manufacturing,575775.7142857143,983859.6022491666,70
528,Metal Heat Treating,578806.8965517242,715404.3918895911,232
551,Motor Vehicle Metal Stamping,580983.9912280702,948210.3514917911,114
338,Fluid Milk Manufacturing,583169.0909090909,891264.6966992979,55
140,"Cafeterias, Grill Buffets, and Buffets",585707.3770491803,929604.5394946854,183
436,Industrial Process Furnace and Oven Manufacturing,588124.7387387387,767684.2305772685,111
79,Apparel Accessories and Other Apparel Manufacturing,594994.8717948718,1050984.0253080523,312
880,Scheduled Passenger Air Transportation,601132.8421052631,888664.7276740813,95
342,Folding Paperboard Box Manufacturing,601606.4955752213,694933.3365946761,113
386,Golf Courses and Country Clubs,611758.6527093597,797123.2732536776,1218
559,"Motorcycle, ATV, and All Other Motor Vehicle Dealers",619883.3891625616,905172.4554194933,406
695,Other Motor Vehicle Parts Manufacturing,622489.2063492064,1068442.5986824774,126
833,Recyclable Material Merchant Wholesalers,634253.8957564576,1038038.8807169641,1084
532,Metal Tank (Heavy Gauge) Manufacturing,647414.0186915888,1088166.5184940372,107
353,Freestanding Ambulatory Surgical and Emergency Centers,652893.8458844133,853706.2623852891,571
852,Residential Mental Health and Substance Abuse Facilities,658746.2128378379,827867.9522303459,296
682,Other Industrial Machinery Manufacturing,665967.5,914554.9580809795,200
131,Broilers and Other Meat Type Chicken Production,668191.3500076722,817664.2275004644,6517
143,Car Washes,674840.500430134,823564.9561255758,8137
597,Nursing Care Facilities (Skilled Nursing Facilities),685070.1931608133,974685.3281212865,1082
254,Dimension Stone Mining and Quarrying,685761.9545454546,1019132.8357503047,88
635,Other Aircraft Parts and Auxiliary Equipment Manufacturing,699406.0719794345,955720.1339764743,389
364,Funeral Homes and Funeral Services,700863.8942432082,800466.0504522508,3092
822,Radio Networks,710998.45,1188288.759637043,60
792,Poultry Processing,716314.6551724138,1051717.665129582,116
482,Lessors of Nonresidential Buildings (except Miniwarehouses),716993.1478683216,820426.4381980225,3706
344,Food Product Machinery Manufacturing,717735.5263157894,1030850.49219292,76
670,Other Farm Product Raw Material Merchant Wholesalers,721569.7674418605,1103080.5189306855,172
369,Gasoline Stations with Convenience Stores,721980.9006944444,704406.9779618501,17280
469,Kidney Dialysis Centers,723996.694214876,910028.0773080469,121
206,Continuing Care Retirement Communities,727188.5030425964,883051.8790337357,493
18,Aircraft Manufacturing,755844.5652173914,1195581.464619441,92
788,Postharvest Crop Activities (except Cotton Ginning),758342.1256281408,1100819.0733378916,199
231,Crushed and Broken Limestone Mining and Quarrying,759395.8333333334,1116582.595979521,72
882,Seafood Product Preparation and Packaging,765642.1052631579,1169722.0683239498,57
909,Skiing Facilities,769433.8709677419,1063849.744096542,62
834,Refrigerated Warehousing and Storage,846945.3623188406,1112450.5130915286,138
89,Assisted Living Facilities for the Elderly,856064.4105080832,1022772.065806388,1732
387,Grain and Field Bean Merchant Wholesalers,922709.8971428572,1153501.8281706069,175
480,Lessors of Miniwarehouses and Self-Storage Units,1258816.7248764415,1324345.7406842173,1214
418,Hotels (except Casino Hotels) and Motels,1434118.820993559,1233655.838211468,15681
